상품명,가격,별점,리뷰 수,스펙,상품 상세 URL
LG전자 2026 그램14 14ZD95U-GX56K 표준노트북,1518990,,3,LG전자 2026 그램14 14ZD95U-GX56K 표준노트북 / AI노트북/ 35.5cm(14인치)/ 1.12kg/ 최대 28시간/ OS미포함(프리도스)/ / [화면] 해상도: 1920x1200(WUXGA)/ 밝기: 350nit/ / [CPU] AMD/ 라이젠AI 5/435 (4.5GHz)/ NPU: 50TOPS/ / [그래픽] 내장그래픽/Radeon 840M/ 4core/ / SSD 256GB / SSD 512GB,https://prod.danawa.com/info/?pcode=103448942&keyword=%EB%85%B8%ED%8A%B8%EB%B6%81&cate=112758
MSI GF시리즈 소드 GF76 A AI B8VF-R7 WIN11 32GB램,1460000,4.9,7687,MSI GF시리즈 소드 GF76 A AI B8VF-R7 WIN11 32GB램 / 노트북/ 43.9cm(17.3인치)/ 2.7kg/ 윈도우11(설치)/ / [화면] 해상도: 1920x1080(FHD)/ 밝기: 250nit/ 주사율: 144Hz/ / [CPU] AMD/ 라이젠7(Zen4)/ 8845HS (3.8GHz)/ NPU: 16TOPS/ / [그래픽] 외장그래픽/ RTX4060/ TGP: 105W/ / SSD 512GB,https://prod.danawa.com/info/?pcode=50127506&keyword=%EB%85%B8%ED%8A%B8%EB%B6%81&cate=11252476
LG전자 울트라PC 15U50T-GA5HK,759860,4.7,47119,노트북/ 39.6cm(15.6인치)/ 1.7kg/ 윈도우11홈/ / [화면] 해상도: 1920x1080(FHD)/ / [CPU] 인텔/ 코어i5-13세대/ i5-1334U (1.3GHz)/ / [그래픽] 내장그래픽/UHD Graphics/ / 최고의 노트북 배터리 관리는 '스마트'한 습관입니다! / SSD 256GB / SSD 512GB,https://prod.danawa.com/info/?pcode=70335374&keyword=%EB%85%B8%ED%8A%B8%EB%B6%81&cate=112758
LG전자 2025 그램 프로16 16Z90TS-GS5CK,1709000,4.8,488,LG전자 2025 그램 프로16 16Z90TS-GS5CK / AI노트북/ 40.6cm(16인치)/ 1.199kg/ 최대 25.5시간/ 윈도우11홈/ / [화면] 해상도: 2560x1600(WQXGA)/ 밝기: 400nit/ 주사율: 144Hz/ / [CPU] 인텔/ 코어 울트라5(S2)/ 226V (4.5GHz)/ NPU: 40TOPS/ / [그래픽] 내장그래픽/Arc 130V/ 7core/ / SSD 256GB / SSD 512GB,https://prod.danawa.com/info/?pcode=78528251&keyword=%EB%85%B8%ED%8A%B8%EB%B6%81&cate=112758
LG전자 2026 그램 프로16 16Z95U-GS5WK 이벤트,1921020,,2026,LG전자 2026 그램 프로16 16Z95U-GS5WK 이벤트 / AI노트북/ 40.6cm(16인치)/ 1.199kg/ 최대 27시간/ 윈도우11홈/ / [화면] 해상도: 2560x1600(WQXGA)/ 주사율: 144Hz/ / [CPU] AMD/ 라이젠AI 5/435 (4.5GHz)/ NPU: 50TOPS/ / [그래픽] 내장그래픽/Radeon 840M/ 4core/ / 신소재 탑재한 2026 그램 총정리 / SSD 512GB,https://prod.danawa.com/info/?pcode=103451483&keyword=%EB%85%B8%ED%8A%B8%EB%B6%81&cate=112758
ASUS TUF Gaming A14 FA401UM-RG007,1830000,4.9,144010077260325060,노트북/ 35.56cm(14인치)/ 1.46kg/ OS미포함(프리도스)/ / [화면] 해상도: 2560x1600(WQXGA)/ 밝기: 400nit/ 주사율: 165Hz/ / [CPU] AMD/ 라이젠7(Zen4)/260 (5.1GHz)/ NPU: 16TOPS/ / [그래픽] 외장그래픽/ RTX5060/ TGP: 105W/ / ASUS TUF A14 FA401UM-RG007 라이젠7-260/32GB/RTX5060 QHD 노트북 리뷰 합니다. / SSD 512GB,https://prod.danawa.com/info/?pcode=92886116&keyword=%EB%85%B8%ED%8A%B8%EB%B6%81&cate=112758
ASUS Gaming V16 V3607VH-RP005,1179000,4.7,474,노트북/ 40.6cm(16인치)/ 1.95kg/ OS미포함(프리도스)/ / [화면] 해상도: 1920x1200(WUXGA)/ 밝기: 300nit/ 주사율: 144Hz/ / [CPU] 인텔/ 코어5/210H (4.8GHz)/ / [그래픽] 외장그래픽/ RTX5050/ / SSD 512GB,https://prod.danawa.com/info/?pcode=93014807&keyword=%EB%85%B8%ED%8A%B8%EB%B6%81&cate=112758
에이서 프레데터 헬리오스 네오 16 AI PHN16-73-9797,2949000,5.0,502,노트북/ 40.6cm(16인치)/ 2.45kg/ 최대 6.5시간/ OS미포함(프리도스)/ / [화면] 해상도: 2560x1600(WQXGA)/ 밝기: 500nit/ 주사율: 240Hz/ / [CPU] 인텔/ 코어 울트라9(S2)/275HX (5.4GHz)/ NPU: 13TOPS/ / [그래픽] 외장그래픽/ RTX5070 Ti/ TGP: 140W/,https://prod.danawa.com/info/?pcode=94028711&keyword=%EB%85%B8%ED%8A%B8%EB%B6%81&cate=112758
LG전자 2026 그램15 15ZD95U-GX56K,1548990,,,LG전자 2026 그램15 15ZD95U-GX56K / AI노트북/ 39.6cm(15.6인치)/ 1.29kg/ 최대 32시간/ OS미포함(프리도스)/ / [화면] 해상도: 1920x1080(FHD)/ 밝기: 350nit/ / [CPU] AMD/ 라이젠AI 5/435 (4.5GHz)/ NPU: 50TOPS/ / [그래픽] 내장그래픽/Radeon 840M/ 4core/ / SSD 256GB / SSD 512GB,https://prod.danawa.com/info/?pcode=103451750&keyword=%EB%85%B8%ED%8A%B8%EB%B6%81&cate=112758
삼성전자 갤럭시북4 NT750XGR-A51A WIN11,1087000,4.8,48134,노트북/ 39.6cm(15.6인치)/ 1.55kg/ 윈도우11(설치)/ / [화면] 해상도: 1920x1080(FHD)/ / [CPU] 인텔/ 코어i5-13세대/ i5-1335U (1.3GHz)/ / [그래픽] 내장그래픽/Iris Xe/ / 최고의 노트북 배터리 관리는 '스마트'한 습관입니다! / SSD 256GB / SSD 500GB,https://prod.danawa.com/info/?pcode=44762513&keyword=%EB%85%B8%ED%8A%B8%EB%B6%81&cate=112758
레노버 씽크북 14ARP G7 R5,746000,4.5,454,노트북/ 35.5cm(14인치)/ 1.38kg/ OS미포함(프리도스)/ / [화면] 해상도: 1920x1200(WUXGA)/ 밝기: 300nit/ / [CPU] AMD/ 라이젠5(Zen3+)/7535HS (3.3Hz)/ / [그래픽] 내장그래픽/Radeon 660M/ 6core/ / SSD 512GB,https://prod.danawa.com/info/?pcode=55041755&keyword=%EB%85%B8%ED%8A%B8%EB%B6%81&cate=112758
LG전자 2025 그램 프로16 16Z90TP-GA5HK,1787240,4.9,16,LG전자 2025 그램 프로16 16Z90TP-GA5HK / 노트북/ 40.6cm(16인치)/ 1.199kg/ 최대 23.5시간/ 윈도우11홈/ / [화면] 해상도: 2560x1600(WQXGA)/ 밝기: 400nit/ 주사율: 144Hz/ / [CPU] 인텔/ 코어 울트라5(S2)/225H (4.9GHz)/ NPU: 13TOPS/ / [그래픽] 내장그래픽/Arc 130T/ 7core/ / 노트북 LG 그램 Pro 16 애로우레이크 개봉기 / SSD 512GB,https://prod.danawa.com/info/?pcode=74007302&keyword=%EB%85%B8%ED%8A%B8%EB%B6%81&cate=112758
LG전자 그램15 15ZD80T-GX79K 표준노트북,1726290,4.9,3002025,LG전자 그램15 15ZD80T-GX79K 표준노트북 / AI노트북/ 39.6cm(15.6인치)/ 1.29kg/ 최대 27시간/ OS미포함(프리도스)/ / [화면] 해상도: 1920x1080(FHD)/ 밝기: 350nit/ 주사율: 60Hz/ / [CPU] AMD/ 라이젠AI 7/350 (5.0GHz)/ NPU: 50TOPS/ / [그래픽] 내장그래픽/Radeon 860M/ 8core/ / LG 그램과 라이젠이 만나면? 당연 최고지! LG전자 그램15 15ZD80T-GX79K [노리다] / AMD 라이젠 300 시리즈가 탑재된 LG 그램 2025 AI PC- 크라켄 포인트 노트북 / SSD 512GB,https://prod.danawa.com/info/?pcode=79554701&keyword=%EB%85%B8%ED%8A%B8%EB%B6%81&cate=112758
레노버 아이디어패드 Slim5 16AKP10 83HY0044KR,1464900,,,AI노트북/ 40.6cm(16인치)/ 1.69kg/ 최대 18시간/ 윈도우11홈/ / [화면] 해상도: 2880x1800(WQXGA+)/ 밝기: 500nit/ 주사율: 120Hz/ / [CPU] AMD/ 라이젠AI 7/350 (5.0GHz)/ NPU: 50TOPS/ / [그래픽] 내장그래픽/Radeon 860M/ 8core/,https://prod.danawa.com/info/?pcode=78534242&keyword=%EB%85%B8%ED%8A%B8%EB%B6%81&cate=112758
HP 오멘 16-ap0117AX,2249000,4.9,160117989405070,노트북/ 40.6cm(16인치)/ 2.35kg/ OS미포함(프리도스)/ / [화면] 해상도: 2560x1600(WQXGA)/ 밝기: 500nit/ 주사율: 240Hz/ / [CPU] AMD/ 라이젠9(Zen4)/8940HX (5.3GHz)/ / [그래픽] 외장그래픽/ RTX5070/ TGP: 115W/,https://prod.danawa.com/info/?pcode=92545484&keyword=%EB%85%B8%ED%8A%B8%EB%B6%81&cate=112758
ASUS 젠북 A14 UX3407QA-SB284W,1268990,4.3,143407,AI노트북/ 35.56cm(14인치)/ 899g/ 최대 20시간/ 윈도우11홈/ / [화면] 해상도: 1920x1200(WUXGA)/ 밝기: 400nit/ 주사율: 60Hz/ / [CPU] 퀄컴/ 스냅드래곤 X/X1-26-100 (3.0GHz)/ NPU: 45TOPS/ / [그래픽] 내장그래픽/Adreno (1.7 TFLOPS)/ / SSD 512GB,https://prod.danawa.com/info/?pcode=75537797&keyword=%EB%85%B8%ED%8A%B8%EB%B6%81&cate=112758
삼성전자 갤럭시북5 프로360 NT960QHA-KC51G,2089990,4.9,5360,AI노트북/ 40.6cm(16인치)/ 1.69kg/ 윈도우11홈/ / [화면] 해상도: 2880x1800(WQXGA+)/ 밝기: 400nit/ 주사율: 120Hz/ / [CPU] 인텔/ 코어 울트라5(S2)/ 226V (4.5GHz)/ NPU: 40TOPS/ / [그래픽] 내장그래픽/Arc 130V/ 7core/ / SSD 512GB,https://prod.danawa.com/info/?pcode=68686217&keyword=%EB%85%B8%ED%8A%B8%EB%B6%81&cate=112758
레노버 LOQ 15AHP10 R7 5060,1498000,4.8,487,노트북/ 39.62cm(15.6인치)/ 2.4kg/ OS미포함(프리도스)/ / [화면] 해상도: 1920x1080(FHD)/ 밝기: 300nit/ 주사율: 144Hz/ / [CPU] AMD/ 라이젠7(Zen4)/250 (5.1GHz)/ NPU: 16TOPS/ / [그래픽] 외장그래픽/ RTX5060/ TGP: 100W/ / SSD 512GB,https://prod.danawa.com/info/?pcode=96856439&keyword=%EB%85%B8%ED%8A%B8%EB%B6%81&cate=112758
HP 오멘 슬림 16-an0021TX 32GB램,2099000,5.0,504,HP 오멘 슬림 16-an0021TX 32GB램 / 노트북/ 40.6cm(16인치)/ 2.42kg/ OS미포함(프리도스)/ / [화면] 해상도: 2560x1600(WQXGA)/ 밝기: 500nit/ 주사율: 240Hz/ / [CPU] 인텔/ 코어 울트라7(S2)/255H (5.1GHz)/ NPU: 13TOPS/ / [그래픽] 외장그래픽/ RTX5070/,https://prod.danawa.com/info/?pcode=99555338&keyword=%EB%85%B8%ED%8A%B8%EB%B6%81&cate=112758
ASUS Gaming V16 V3607VM-RP005,1324000,4.9,4939,노트북/ 40.6cm(16인치)/ 1.95kg/ OS미포함(프리도스)/ / [화면] 해상도: 1920x1200(WUXGA)/ 밝기: 300nit/ 주사율: 144Hz/ / [CPU] 인텔/ 코어5/210H (4.8GHz)/ / [그래픽] 외장그래픽/ RTX5060/ / 노트북 배터리 빨리 닳는 이유? 백그라운드를 뒤져보세요~ / SSD 512GB,https://prod.danawa.com/info/?pcode=90890546&keyword=%EB%85%B8%ED%8A%B8%EB%B6%81&cate=112758
삼성전자 갤럭시북5 NT750XHD-KC51G,1425000,5.0,502,노트북/ 39.6cm(15.6인치)/ 1.55kg/ 최대 19시간/ 윈도우11홈/ / [화면] 해상도: 1920x1080(FHD)/ / [CPU] 인텔/ 코어 울트라5(S2)/225U (4.8GHz)/ NPU: 12TOPS/ / [그래픽] 내장그래픽/Intel Graphics/ / SSD 512GB,https://prod.danawa.com/info/?pcode=93632033&keyword=%EB%85%B8%ED%8A%B8%EB%B6%81&cate=112758
LG전자 울트라PC 15U50T-GROWK,696340,4.8,48327,노트북/ 39.6cm(15.6인치)/ 1.7kg/ 윈도우11홈/ / [화면] 해상도: 1920x1080(FHD)/ / [CPU] 인텔/ 코어i5-13세대/ i5-1334U (1.3GHz)/ / [그래픽] 내장그래픽/UHD Graphics/ / SSD 256GB / SSD 512GB,https://prod.danawa.com/info/?pcode=70335269&keyword=%EB%85%B8%ED%8A%B8%EB%B6%81&cate=112758
LG전자 2026 그램15 15Z95U-GS5WK,1588600,,,LG전자 2026 그램15 15Z95U-GS5WK / AI노트북/ 39.6cm(15.6인치)/ 1.29kg/ 최대 32시간/ 윈도우11홈/ / [화면] 해상도: 1920x1080(FHD)/ 밝기: 350nit/ / [CPU] AMD/ 라이젠AI 5/435 (4.5GHz)/ NPU: 50TOPS/ / [그래픽] 내장그래픽/Radeon 840M/ 4core/ / 신소재 탑재한 2026 그램 총정리 / SSD 512GB,https://prod.danawa.com/info/?pcode=103451189&keyword=%EB%85%B8%ED%8A%B8%EB%B6%81&cate=112758
레노버 아이디어패드 Slim3 15IRU8 82X700HWKR,491000,4.8,487,노트북/ 39.62cm(15.6인치)/ 1.62kg/ OS미포함(프리도스)/ / [화면] 해상도: 1920x1080(FHD)/ 밝기: 300nit/ / [CPU] 인텔/ 코어i3-13세대/ i3-1315U (1.2GHz)/ / [그래픽] 내장그래픽/UHD Graphics/ / SSD 512GB,https://prod.danawa.com/info/?pcode=97304741&keyword=%EB%85%B8%ED%8A%B8%EB%B6%81&cate=112758
MSI 모던시리즈 모던 15 B7M-R5 포스 W11,721050,,1,노트북/ 39.6cm(15.6인치)/ 1.75kg/ 윈도우11홈/ / [화면] 해상도: 1920x1080(FHD)/ 밝기: 250nit/ / [CPU] AMD/ 라이젠5(Zen3)/7430U (2.3Hz)/ / [그래픽] 내장그래픽/Radeon Graphics/ 7core/ / SSD 512GB,https://prod.danawa.com/info/?pcode=74805575&keyword=%EB%85%B8%ED%8A%B8%EB%B6%81&cate=11252476
LG전자 울트라PC 15UD50T-GX5JK WIN11,673430,5.0,507,노트북/ 39.6cm(15.6인치)/ 1.7kg/ 윈도우11(설치)/ / [화면] 해상도: 1920x1080(FHD)/ / [CPU] 인텔/ 코어i5-13세대/ i5-1334U (1.3GHz)/ / [그래픽] 내장그래픽/UHD Graphics/ / SSD 256GB / SSD 512GB,https://prod.danawa.com/info/?pcode=72721655&keyword=%EB%85%B8%ED%8A%B8%EB%B6%81&cate=112758
HP 옴니북 7 Aero 13-bg0082AU WIN11,1097640,4.6,463,노트북/ 33.8cm(13.3인치)/ 998g/ 윈도우11(설치)/ / [화면] 해상도: 1920x1200(WUXGA)/ 밝기: 400nit/ / [CPU] AMD/ 라이젠5(Zen4)/ 8640U (3.5GHz)/ NPU: 16TOPS/ / [그래픽] 내장그래픽/Radeon 760M/ 8core/ / SSD 512GB,https://prod.danawa.com/info/?pcode=98919359&keyword=%EB%85%B8%ED%8A%B8%EB%B6%81&cate=112758
ASUS ROG STRIX G16 G614FR-S5122,3149000,4.8,4815,노트북/ 40.6cm(16인치)/ 2.5kg/ OS미포함(프리도스)/ / [화면] 해상도: 2560x1600(WQXGA)/ 밝기: 500nit/ 주사율: 240Hz/ / [CPU] AMD/라이젠9(Zen5)/9955HX3D (5.4GHz)/ / [그래픽] 외장그래픽/ RTX5070 Ti/ TGP: 140W/ / 최고의 노트북 배터리 관리는 '스마트'한 습관입니다!,https://prod.danawa.com/info/?pcode=81062753&keyword=%EB%85%B8%ED%8A%B8%EB%B6%81&cate=112758
삼성전자 갤럭시북4 NT750XGR-A51A,1010000,4.9,497077,노트북/ 39.6cm(15.6인치)/ 1.55kg/ OS미포함(프리도스)/ / [화면] 해상도: 1920x1080(FHD)/ / [CPU] 인텔/ 코어i5-13세대/ i5-1335U (1.3GHz)/ / [그래픽] 내장그래픽/Iris Xe/ / 최고의 노트북 배터리 관리는 '스마트'한 습관입니다! / SSD 256GB / SSD 512GB,https://prod.danawa.com/info/?pcode=44762393&keyword=%EB%85%B8%ED%8A%B8%EB%B6%81&cate=112758
LG전자 2026 그램 프로16 16Z90U-KU7BK,2848800,,,LG전자 2026 그램 프로16 16Z90U-KU7BK / AI노트북/ 40.6cm(16인치)/ 1.19kg/ 윈도우11홈/ / [화면] 해상도: 2880x1600(WQXGA+)/ 주사율: 120Hz/ / [CPU] 인텔/코어 울트라X7(S3)/358H (4.8GHz)/ NPU: 47TOPS/ / [그래픽] 내장그래픽/Arc B390/ 12core/ / 신소재 탑재한 2026 그램 총정리 / SSD 512GB,https://prod.danawa.com/info/?pcode=103453775&keyword=%EB%85%B8%ED%8A%B8%EB%B6%81&cate=112758
ASUS ROG STRIX SCAR 18 G835LX-SA041W,6498900,4.7,509018835041,노트북/ 45.72cm(18인치)/ 3.48kg/ 윈도우11홈/ / [화면] 해상도: 2560x1600(WQXGA)/ 주사율: 240Hz/ / [CPU] 인텔/ 코어 울트라9(S2)/275HX (5.4GHz)/ NPU: 13TOPS/ / [그래픽] 외장그래픽/ RTX5090/ TGP: 175W/ / RTX5090 그래픽 달린 ASUS SCAR 18인치 게이밍노트북 G835LX-SA041W 사용리뷰,https://prod.danawa.com/info/?pcode=77088371&keyword=%EB%85%B8%ED%8A%B8%EB%B6%81&cate=112758
삼성전자 갤럭시북4 NT750XGR-A71A,1240000,4.9,475071512,노트북/ 39.6cm(15.6인치)/ 1.55kg/ OS미포함(프리도스)/ / [화면] 해상도: 1920x1080(FHD)/ / [CPU] 인텔/ 코어i7-13세대/ i7-1355U (1.7GHz)/ / [그래픽] 내장그래픽/Iris Xe/ / 삼성전자 갤럭시북4 NT750XGR-A71A(SSD 512GB) / SSD 512GB,https://prod.danawa.com/info/?pcode=43522826&keyword=%EB%85%B8%ED%8A%B8%EB%B6%81&cate=112758
MSI 알파 17 C7VG-R9 QHD,1698990,4.7,20241779,노트북/ 43.9cm(17.3인치)/ 2.8kg/ OS미포함(프리도스)/ / [화면] 해상도: 2560x1440(QHD)/ 밝기: 300nit/ 주사율: 240Hz/ / [CPU] AMD/ 라이젠9(Zen4)/ 7945HX (2.5Hz)/ / [그래픽] 외장그래픽/ RTX4070/ TGP: 140W/,https://prod.danawa.com/info/?pcode=27613289&keyword=%EB%85%B8%ED%8A%B8%EB%B6%81&cate=11252476
삼성전자 갤럭시북5 프로 NT940XHA-K51A,1797990,4.9,594051,AI노트북/ 35.6cm(14인치)/ 1.23kg/ 최대 21시간/ 윈도우11홈/ / [화면] 해상도: 2880x1800(WQXGA+)/ 밝기: 400nit/ 주사율: 120Hz/ / [CPU] 인텔/ 코어 울트라5(S2)/ 226V (4.5GHz)/ NPU: 40TOPS/ / [그래픽] 내장그래픽/Arc 130V/ 7core/ / SSD 256GB / SSD 512GB,https://prod.danawa.com/info/?pcode=73614713&keyword=%EB%85%B8%ED%8A%B8%EB%B6%81&cate=112758
ASUS 비보북 15 X1504VA-BQ4270W 표준노트북,916050,,,노트북/ 39.62cm(15.6인치)/ 1.7kg/ 윈도우11홈/ / [화면] 해상도: 1920x1080(FHD)/ 밝기: 250nit/ 주사율: 60Hz/ / [CPU] 인텔/ 코어5/120U (5.0GHz)/ / [그래픽] 내장그래픽/Intel Graphics/ / SSD 512GB,https://prod.danawa.com/info/?pcode=101953292&keyword=%EB%85%B8%ED%8A%B8%EB%B6%81&cate=112758
LG전자 2025 그램14 14Z90T-GA5CK,1492230,4.8,4849,LG전자 2025 그램14 14Z90T-GA5CK / 노트북/ 35.5cm(14인치)/ 1.12kg/ 윈도우11홈/ / [화면] 해상도: 1920x1200(WUXGA)/ 밝기: 350nit/ / [CPU] 인텔/ 코어 울트라5(S2)/225H (4.9GHz)/ NPU: 13TOPS/ / [그래픽] 내장그래픽/Arc 130T/ 7core/ / SSD 256GB / SSD 512GB,https://prod.danawa.com/info/?pcode=74008352&keyword=%EB%85%B8%ED%8A%B8%EB%B6%81&cate=112758
LG전자 2025 그램15 15Z90T-GA5HK,1628070,4.9,4963,LG전자 2025 그램15 15Z90T-GA5HK / 노트북/ 39.6cm(15.6인치)/ 1.29kg/ 윈도우11홈/ / [화면] 해상도: 1920x1080(FHD)/ 밝기: 350nit/ / [CPU] 인텔/ 코어 울트라5(S2)/225H (4.9GHz)/ NPU: 13TOPS/ / [그래픽] 내장그래픽/Arc 130T/ 7core/ / SSD 512GB,https://prod.danawa.com/info/?pcode=74011034&keyword=%EB%85%B8%ED%8A%B8%EB%B6%81&cate=112758
ASUS TUF Gaming A14 FA401KM-RG006,2049000,4.7,50601414,AI노트북/ 35.56cm(14인치)/ 1.46kg/ OS미포함(프리도스)/ / [화면] 해상도: 2560x1600(WQXGA)/ 밝기: 400nit/ 주사율: 165Hz/ / [CPU] AMD/ 라이젠AI 7/350 (5.0GHz)/ NPU: 50TOPS/ / [그래픽] 외장그래픽/ RTX5060/ TGP: 105W/ / RTX 5060 탑재한 괴물급 14인치 게이밍 노트북 ASUS TUF A14,https://prod.danawa.com/info/?pcode=93383075&keyword=%EB%85%B8%ED%8A%B8%EB%B6%81&cate=112758
"APPLE 맥북프로16 M4프로 14코어 CPU, 20코어 GPU 블랙",3389990,5.0,5022,"APPLE 맥북프로16 M4프로 14코어 CPU, 20코어 GPU 블랙 / AI노트북/ 41.0cm(16.2인치)/ 2.14kg/ 최대 24시간/ macOS Sequoia/ / [화면] 해상도: 3456x2234(254ppi)/ 밝기: 1000nit/ 주사율: 120Hz/ / [CPU] 애플(ARM)/ M4 Pro/ NPU: 38TOPS/ / [그래픽] 내장그래픽/ 20core/ / 램24GB, SSD 512GB / 램24GB, SSD 1TB / 램48GB, SSD 512GB / 램48GB, SSD 1TB",https://prod.danawa.com/info/?pcode=70251404&keyword=%EB%85%B8%ED%8A%B8%EB%B6%81&cate=11236463
ASUS ROG STRIX G16 G615LW-S5027,3858840,4.9,4919,노트북/ 40.6cm(16인치)/ 2.73kg/ OS미포함(프리도스)/ / [화면] 해상도: 2560x1600(WQXGA)/ 밝기: 500nit/ 주사율: 240Hz/ / [CPU] 인텔/ 코어 울트라9(S2)/275HX (5.4GHz)/ NPU: 13TOPS/ / [그래픽] 외장그래픽/ RTX5080/ TGP: 175W/,https://prod.danawa.com/info/?pcode=77088449&keyword=%EB%85%B8%ED%8A%B8%EB%B6%81&cate=112758
삼성노트북-부품용,30000,,,,http://dmall.danawa.com/sale/saleView.php?nSaleSeq=52474594&nCateC1=860&nCateC2=869&nCateC3=0&nCateC4=0
7세대 LG전자 울트라PC 13U580 노트북,100000,,,,http://dmall.danawa.com/sale/saleView.php?nSaleSeq=52462020&nCateC1=860&nCateC2=869&nCateC3=0&nCateC4=0
아이뮤즈 StomeBook 14인치 노트북,50000,,,아이뮤즈 StomeBook 14인치 노트북,http://dmall.danawa.com/sale/saleView.php?nSaleSeq=52437703&nCateC1=860&nCateC2=869&nCateC3=0&nCateC4=0
LG전자 2026 그램14 14ZD95U-GX56K (SSD 256GB),1518990,,,LG전자 2026 그램14 14ZD95U-GX56K (SSD 256GB),https://prod.danawa.com/info/?pcode=103448942&cate1=860&cate2=869&cate3=10581&cate4=0&keyword=%EB%85%B8%ED%8A%B8%EB%B6%81
LG전자 울트라PC 15U50T-GA5HK (SSD 256GB),759860,,,LG전자 울트라PC 15U50T-GA5HK (SSD 256GB),https://prod.danawa.com/info/?pcode=70335374&cate1=860&cate2=869&cate3=10581&cate4=0&keyword=%EB%85%B8%ED%8A%B8%EB%B6%81
LG전자 2025 그램 프로16 16Z90TS-GS5CK (SSD 256GB),1709000,,,LG전자 2025 그램 프로16 16Z90TS-GS5CK (SSD 256GB),https://prod.danawa.com/info/?pcode=78528251&cate1=860&cate2=869&cate3=10581&cate4=0&keyword=%EB%85%B8%ED%8A%B8%EB%B6%81
LG전자 2026 그램 프로16 16Z95U-GS5WK (SSD 512GB),1921020,,,LG전자 2026 그램 프로16 16Z95U-GS5WK (SSD 512GB),https://prod.danawa.com/info/?pcode=103451483&cate1=860&cate2=869&cate3=10581&cate4=0&keyword=%EB%85%B8%ED%8A%B8%EB%B6%81
LG전자 울트라PC 15U50T-GA5HK (SSD 512GB),828780,,,LG전자 울트라PC 15U50T-GA5HK (SSD 512GB),https://prod.danawa.com/info/?pcode=72975095&cate1=860&cate2=869&cate3=10581&cate4=0&keyword=%EB%85%B8%ED%8A%B8%EB%B6%81
LG전자 2026 그램15 15ZD95U-GX56K (SSD 256GB),1548990,,,LG전자 2026 그램15 15ZD95U-GX56K (SSD 256GB),https://prod.danawa.com/info/?pcode=103451750&cate1=860&cate2=869&cate3=10581&cate4=0&keyword=%EB%85%B8%ED%8A%B8%EB%B6%81
"다나와표준PC 게임용 250816 (16GB, M.2 500GB)",1789590,,,i5-14400F/RTX 5060 Ti/ (인텔) B760/ OS미포함/ 800W/ 인텔/코어 14세대/코어i5/ 랩터레이크-R/ DDR5/ 16GB/ M.2/ 500GB/NVIDIA/ 그래픽 메모리: 16GB/ 1Gbps 유선/ HDMI/ DP포트/ 파워서플라이/ 미들타워/ 어항형/ LED쿨러/ 용도: 게임용,https://prod.danawa.com/info/?pcode=95056025&keyword=%EB%8D%B0%EC%8A%A4%ED%81%AC%ED%83%91&cate=11316681&adinflow=Y
"다나와표준PC 전문가용 250826 (16GB, M.2 1TB + HDD 2TB)",3980000,,,9900X3D/RTX 5070 Ti/ (AMD) X870E/ OS미포함/ 1000W/ AMD/라이젠 9000시리즈/라이젠9/그래니트 릿지/ DDR5/ 16GB/ HDD:2TB/ M.2/ 1TB/NVIDIA/ 그래픽 메모리: 16GB/ 1Gbps 유선/ HDMI/ DP포트/ 파워서플라이/ 빅타워/ 어항형/ 수랭쿨러/ LED쿨러/ 용도: 게임용,https://prod.danawa.com/info/?pcode=95056589&keyword=%EB%8D%B0%EC%8A%A4%ED%81%AC%ED%83%91&cate=11316681&adinflow=Y
"다나와표준PC 게임용 250810 (16GB, M.2 512GB)",1649260,,,7500F/RTX 5060/ (AMD) B650/ OS미포함/ 750W/ AMD/라이젠 7000시리즈/라이젠5/ 라파엘/ DDR5/ 16GB/ M.2/ 512GB/NVIDIA/ 그래픽 메모리: 8GB/ 1Gbps 유선/ HDMI/ DP포트/ 파워서플라이/ 미들타워/ LED쿨러/ 용도: 게임용,https://prod.danawa.com/info/?pcode=95055290&keyword=%EB%8D%B0%EC%8A%A4%ED%81%AC%ED%83%91&cate=11316681&adinflow=Y
영웅컴퓨터 영웅 게이밍울트라 7546GT R5 7500F RTX5060Ti,1689780,5.0,7546,"7500F/RTX 5060 Ti/ (AMD) A620/ OS미포함/ 600W/ AMD/라이젠 7000시리즈/라이젠5/ 라파엘/ DDR5/ 16GB/ M.2/ 512GB/NVIDIA/ 그래픽 메모리: 8GB/ 1Gbps 유선/ HDMI/ DP포트/ 파워서플라이/ 미들타워/ 어항형/ LED쿨러/ 용도: 게임용 / 브랜드PC/조립PC > 데스크탑 전체 / 16GB, M.2 512GB / 32GB, M.2 1TB",https://prod.danawa.com/info/?pcode=45314390&keyword=%EB%8D%B0%EC%8A%A4%ED%81%AC%ED%83%91&cate=112756
포유컴퓨터 퍼포먼스PC 47 R5 7400F RTX5060Ti,1651750,4.8,47,"7400F/RTX 5060 Ti/ (AMD) B650/ OS미포함/ 700W/ AMD/라이젠 7000시리즈/라이젠5/ 라파엘/ DDR5/ 16GB/ M.2/ 500GB/NVIDIA/ 1Gbps 유선/ HDMI/ DP포트/ 파워서플라이/ 미들타워/ 어항형/ LED쿨러/ 용도: 게임용 / 브랜드PC/조립PC > 데스크탑 전체 / 16GB, M.2 500GB / 16GB, M.2 1TB / 32GB, M.2 500GB / 32GB, M.2 1TB / 16GB, M.2 1TB + HDD 2TB",https://prod.danawa.com/info/?pcode=26558177&keyword=%EB%8D%B0%EC%8A%A4%ED%81%AC%ED%83%91&cate=112756
삼성전자 데스크탑 Slim DM500SHA-AC51B,1415110,5.0,502,"225/인텔 그래픽스/(인텔) B860/ 윈도우11/ 300W/ 인텔/코어울트라 시리즈2/코어 울트라5/애로우레이크/ DDR5/ 16GB/ M.2/ 512GB/INTEL/ 1Gbps 유선/ 802.11ax(Wi-Fi 6) 무선/ 블루투스/ HDMI/ D-SUB/ USB3.x 10Gbps/ USB C타입 5Gbps/ 파워서플라이/ 슬림/ 5.18kg/ 용도: 사무/인강용 / 브랜드PC/조립PC > 데스크탑 전체 / 16GB, M.2 512GB / 16GB, M.2 1TB / 16GB, M.2 2TB",https://prod.danawa.com/info/?pcode=94088045&keyword=%EB%8D%B0%EC%8A%A4%ED%81%AC%ED%83%91&cate=112756
MSI MAG Codex Z2 A7NVV R7-9800X3D RTX 5080 게이밍,4178990,5.0,504,"9800X3D/RTX 5080/(AMD) B850/ OS미포함/ 850W/ AMD/라이젠 9000시리즈/라이젠7/그래니트 릿지/ DDR5/ 32GB/ M.2/ 1TB/NVIDIA/ 그래픽 메모리: 16GB/ 5Gbps 유선/802.11be(Wi-Fi 7) 무선/ 블루투스/ HDMI/ DP포트/ USB3.x 10Gbps/ USB3.x 5Gbps/ USB C타입 20Gbps/ USB C타입 10Gbps/ 파워서플라이/ 미들타워/ 수랭쿨러/ LED쿨러/ 용도: 게임용 / 브랜드PC/조립PC > 데스크탑 전체 / 32GB, M.2 1TB",https://prod.danawa.com/info/?pcode=101013083&keyword=%EB%8D%B0%EC%8A%A4%ED%81%AC%ED%83%91&cate=112756
영웅컴퓨터 영웅 게이밍울트라 7856 R7 7800X3D RTX5060,2149830,,,"7800X3D/RTX 5060/ (AMD) A620/ OS미포함/ 700W/ AMD/라이젠 7000시리즈/라이젠7/ 라파엘/ DDR5/ 32GB/ M.2/ 1TB/NVIDIA/ 그래픽 메모리: 8GB/ 1Gbps 유선/ HDMI/ DP포트/ 파워서플라이/ 미들타워/ 어항형/ LED쿨러/ 용도: 게임용 / 브랜드PC/조립PC > 데스크탑 전체 / 32GB, M.2 1TB",https://prod.danawa.com/info/?pcode=95420654&keyword=%EB%8D%B0%EC%8A%A4%ED%81%AC%ED%83%91&cate=112756
영웅컴퓨터 영웅 게이밍울트라 7857 R7 7800X3D RTX5070,2619750,5.0,5014,"7800X3D/RTX 5070/ (AMD) B650/ OS미포함/ 800W/ AMD/라이젠 7000시리즈/라이젠7/ 라파엘/ DDR5/ 32GB/ M.2/ 1TB/NVIDIA/ 그래픽 메모리: 12GB/ 1Gbps 유선/ HDMI/ DP포트/ 파워서플라이/ 미들타워/ 어항형/ LED쿨러/ 용도: 게임용 / 브랜드PC/조립PC > 데스크탑 전체 / 32GB, M.2 1TB",https://prod.danawa.com/info/?pcode=80164475&keyword=%EB%8D%B0%EC%8A%A4%ED%81%AC%ED%83%91&cate=112756
주연테크 긱스타 55GT02,663530,4.6,4679,"5500GT/그래픽스 7/ (AMD) B450/ OS미포함/ 500W/ AMD/라이젠 5000시리즈/라이젠5/ 세잔/ DDR4/ 16GB/ M.2/ 512GB/AMD/ 1Gbps 유선/ 파워서플라이/ 미들타워/ 용도: 사무/인강용 / 브랜드PC/조립PC > 데스크탑 전체 / 16GB, M.2 512GB",https://prod.danawa.com/info/?pcode=66039917&keyword=%EB%8D%B0%EC%8A%A4%ED%81%AC%ED%83%91&cate=112756
주연테크 긱스타 GAMING 75F56T2,1960490,5.0,5026,"7500F/RTX 5060 Ti/ (AMD) B650/ OS미포함/ 700W/ AMD/라이젠 7000시리즈/라이젠5/ 라파엘/ DDR5/ 32GB/ M.2/ 1TB/NVIDIA/ 그래픽 메모리: 16GB/ 1Gbps 유선/ HDMI/ DP포트/ 파워서플라이/ 미들타워/ 어항형/ LED쿨러/ 용도: 게임용 / 브랜드PC/조립PC > 데스크탑 전체 / 32GB, M.2 1TB",https://prod.danawa.com/info/?pcode=86100728&keyword=%EB%8D%B0%EC%8A%A4%ED%81%AC%ED%83%91&cate=112756
모맨 겜덕피시 게이밍 i5-14400F RTX5060,2360000,,,"i5-14400F/RTX 5060/ (인텔) B760/ OS미포함/ 600W/ 인텔/코어 14세대/코어i5/ 랩터레이크-R/ DDR5/ 32GB/ M.2/ 1TB/NVIDIA/ 그래픽 메모리: 8GB/ 1Gbps 유선/ HDMI/ DP포트/ 파워서플라이/ 미들타워/ 어항형/ LED쿨러/ 용도: 게임용 / 브랜드PC/조립PC > 데스크탑 전체 / 32GB, M.2 1TB",https://prod.danawa.com/info/?pcode=94087994&keyword=%EB%8D%B0%EC%8A%A4%ED%81%AC%ED%83%91&cate=112756
포유컴퓨터 퍼포먼스PC 37 R5 5600 RTX5060,1198550,5.0,2,"5600/RTX 5060/ (AMD) A520/ OS미포함/ 600W/ AMD/라이젠 5000시리즈/라이젠5/ 버미어/ DDR4/ 16GB/ M.2/ 500GB/NVIDIA/ 1Gbps 유선/ HDMI/ DP포트/ 파워서플라이/ 미들타워/ 어항형/ LED쿨러/ 용도: 게임용 / 브랜드PC/조립PC > 데스크탑 전체 / 16GB, M.2 500GB / 16GB, M.2 1TB / 16GB, M.2 1TB + 2TB / 32GB, M.2 500GB / 32GB, M.2 1TB",https://prod.danawa.com/info/?pcode=20779784&keyword=%EB%8D%B0%EC%8A%A4%ED%81%AC%ED%83%91&cate=112756
APPLE 맥미니 M4 MU9D3KH/A,823500,4.8,4840,"APPLE 맥미니 M4 MU9D3KH/A / M4 10 core/ Mac OS Sequoia/애플(ARM)/M4시리즈/M4/애플 뉴럴엔진/ 16GB/ SSD/ 256GB/APPLE/ 스피커 내장형/ 1Gbps 유선/802.11ax(Wi-Fi 6E) 무선/ 블루투스/ HDMI/ DP Alt Mode/ USB3.x 10Gbps/ USB C타입 40Gbps/ USB C타입 10Gbps/ 썬더볼트4/ 미니PC/ 0.67kg/ 용도: 사무/인강용 / 브랜드PC/조립PC > 데스크탑 전체 / 16GB, SSD 256GB",https://prod.danawa.com/info/?pcode=70152545&keyword=%EB%8D%B0%EC%8A%A4%ED%81%AC%ED%83%91&cate=112756
LG전자 27V70T-GA56K,1428450,4.9,4923,"브랜드PC/조립PC > 데스크탑 전체 / 16GB, M.2 512GB / 16GB, M.2 1TB / 16GB, M.2 2TB / 32GB, M.2 512GB / 32GB, M.2 1TB",https://prod.danawa.com/info/?pcode=75600083&keyword=%EB%8D%B0%EC%8A%A4%ED%81%AC%ED%83%91&cate=112756
Beelink SER9 Pro 370 해외구매,978990,5.0,5010,"해외구매/370/890M/ AMD/라이젠 300시리즈/라이젠AI 9 HX/스트릭스 포인트/AMD 라이젠 AI/50TOPS/LPDDR5X/ 32GB/AMD/ 스피커 내장형/ 2.5Gbps 유선/ 802.11ax(Wi-Fi 6) 무선/ 블루투스/ HDMI/ DP포트/ USB3.x 10Gbps/ USB C타입 40Gbps/ USB C타입 10Gbps/ 마이크 내장/ DC/ 미니PC / 32GB, SSD 1TB / 64GB, SSD 1TB / 64GB, SSD 2TB",https://prod.danawa.com/info/?pcode=67623335&keyword=%EB%8D%B0%EC%8A%A4%ED%81%AC%ED%83%91
영웅컴퓨터 영웅 게이밍울트라 9657,2439790,3.8,388,"9600X/RTX 5070/ (AMD) B650/ OS미포함/ 800W/ AMD/라이젠 9000시리즈/라이젠5/그래니트 릿지/ DDR5/ 32GB/ M.2/ 1TB/NVIDIA/ 그래픽 메모리: 12GB/ 1Gbps 유선/ HDMI/ DP포트/ 파워서플라이/ 미들타워/ 어항형/ LED쿨러/ 용도: 게임용 / 브랜드PC/조립PC > 데스크탑 전체 / 32GB, M.2 1TB",https://prod.danawa.com/info/?pcode=87240548&keyword=%EB%8D%B0%EC%8A%A4%ED%81%AC%ED%83%91&cate=112756
영웅컴퓨터 영웅 울트라게이밍 007 R7 7800X3D RTX5070Ti,3099730,5.0,5011,"7800X3D/RTX 5070 Ti/ (AMD) B650/ OS미포함/ 800W/ AMD/라이젠 7000시리즈/라이젠7/ 라파엘/ DDR5/ 32GB/ M.2/ 1TB/NVIDIA/ 그래픽 메모리: 16GB/ 1Gbps 유선/ HDMI/ DP포트/ 파워서플라이/ 미들타워/ 어항형/ LED쿨러/ 용도: 게임용 / 브랜드PC/조립PC > 데스크탑 전체 / 32GB, M.2 1TB",https://prod.danawa.com/info/?pcode=54315953&keyword=%EB%8D%B0%EC%8A%A4%ED%81%AC%ED%83%91&cate=112756
다나와표준PC 게임용 251211,1899990,,,"7500F/RTX 5060/ (AMD) B650/ OS미포함/ 850W/ AMD/라이젠 7000시리즈/라이젠5/ 라파엘/ DDR5/ 16GB/ M.2/ 1TB/NVIDIA/ 그래픽 메모리: 8GB/ 1Gbps 유선/ HDMI/ DP포트/ 파워서플라이/ 미들타워/ LED쿨러/ 용도: 게임용 / 브랜드PC/조립PC > 데스크탑 전체 > 다나와표준PC / 16GB, M.2 1TB",https://prod.danawa.com/info/?pcode=101543087&keyword=%EB%8D%B0%EC%8A%A4%ED%81%AC%ED%83%91&cate=11316681
주연테크 긱스타 GAMING 96X562,1778550,,,"9600X/RTX 5060/ (AMD) B650/ OS미포함/ 700W/ AMD/라이젠 9000시리즈/라이젠5/그래니트 릿지/ DDR5/ 32GB/ M.2/ 1TB/NVIDIA/ 그래픽 메모리: 8GB/ 1Gbps 유선/ HDMI/ DP포트/ 파워서플라이/ 미들타워/ 어항형/ LED쿨러/ 용도: 게임용 / 브랜드PC/조립PC > 데스크탑 전체 / 32GB, M.2 1TB",https://prod.danawa.com/info/?pcode=91116530&keyword=%EB%8D%B0%EC%8A%A4%ED%81%AC%ED%83%91&cate=112756
STCOM STAI-V172,1709990,,4,"i5-14400F/RTX 5060 Ti/ (인텔) H610/ OS미포함/ 700W/ 인텔/코어 14세대/코어i5/ 랩터레이크-R/ DDR4/ 32GB/ M.2/ 1TB/NVIDIA/ 그래픽 메모리: 16GB/ 1Gbps 유선/ HDMI/ DP포트/ 파워서플라이/ 미들타워/ 용도: 게임용 / 브랜드PC/조립PC > 데스크탑 전체 / 32GB, M.2 1TB",https://prod.danawa.com/info/?pcode=94260587&keyword=%EB%8D%B0%EC%8A%A4%ED%81%AC%ED%83%91&cate=112756
다나와표준PC 게임용 250816,1789590,,,"i5-14400F/RTX 5060 Ti/ (인텔) B760/ OS미포함/ 800W/ 인텔/코어 14세대/코어i5/ 랩터레이크-R/ DDR5/ 16GB/ M.2/ 500GB/NVIDIA/ 그래픽 메모리: 16GB/ 1Gbps 유선/ HDMI/ DP포트/ 파워서플라이/ 미들타워/ 어항형/ LED쿨러/ 용도: 게임용 / 브랜드PC/조립PC > 데스크탑 전체 > 다나와표준PC / 16GB, M.2 500GB",https://prod.danawa.com/info/?pcode=95056025&keyword=%EB%8D%B0%EC%8A%A4%ED%81%AC%ED%83%91&cate=11316681
주연테크 긱스타 GAMING 96X56T2,2040580,5.0,503,"9600X/RTX 5060 Ti/ (AMD) B650/ OS미포함/ 700W/ AMD/라이젠 9000시리즈/라이젠5/그래니트 릿지/ DDR5/ 32GB/ M.2/ 1TB/NVIDIA/ 그래픽 메모리: 16GB/ 1Gbps 유선/ HDMI/ DP포트/ 파워서플라이/ 미들타워/ 어항형/ LED쿨러/ 용도: 게임용 / 브랜드PC/조립PC > 데스크탑 전체 / 32GB, M.2 1TB",https://prod.danawa.com/info/?pcode=86100473&keyword=%EB%8D%B0%EC%8A%A4%ED%81%AC%ED%83%91&cate=112756
영웅컴퓨터 영웅 875 게이밍울트라560X R5 5600 RTX5060,1279780,4.8,87556016512,"5600/RTX 5060/ (AMD) B550/ OS미포함/ 600W/ AMD/라이젠 5000시리즈/라이젠5/ 버미어/ DDR4/ 16GB/ M.2/ 256GB/NVIDIA/ 그래픽 메모리: 8GB/ 1Gbps 유선/ HDMI/ DP포트/ 파워서플라이/ 미들타워/ LED쿨러/ 용도: 게임용 / 브랜드PC/조립PC > 데스크탑 전체 / 16GB, M.2 256GB / 16GB, M.2 512GB / 32GB, M.2 1TB",https://prod.danawa.com/info/?pcode=13546484&keyword=%EB%8D%B0%EC%8A%A4%ED%81%AC%ED%83%91&cate=112756
HP 오멘 45L GT22-3002kl,7790000,1.0,101,"285K/RTX 5090/ (인텔) Z890/ OS미포함/ 1200W/ 인텔/코어울트라 시리즈2/코어 울트라9/애로우레이크/인텔 AI Boost/13TOPS/ DDR5/ 64GB/ HDD:2TB/ M.2/ 2TB/NVIDIA/ 그래픽 메모리: 32GB/ 1Gbps 유선/802.11ax(Wi-Fi 6E) 무선/ 블루투스/ HDMI/ DP포트/ USB3.x 10Gbps/ USB3.x 5Gbps/ USB C타입 10Gbps/ 파워서플라이/ 미들타워/ 22.6kg/ 수랭쿨러/ LED쿨러/ 용도: 게임용 / 브랜드PC/조립PC > 데스크탑 전체 / 64GB, M.2 2TB + HDD 2TB / 64GB, M.2 4TB + HDD 2TB / 64GB, M.2 8TB + HDD 2TB / 128GB, M.2 2TB + HDD 2TB",https://prod.danawa.com/info/?pcode=76375622&keyword=%EB%8D%B0%EC%8A%A4%ED%81%AC%ED%83%91&cate=112756
영웅컴퓨터 영웅 울트라게이밍 004 I7-14700KF RTX5070Ti,3099800,5.0,503,"i7-14700KF/RTX 5070 Ti/ (인텔) B760/ OS미포함/ 800W/ 인텔/코어 14세대/코어i7/ 랩터레이크-R/ DDR5/ 32GB/ M.2/ 1TB/NVIDIA/ 그래픽 메모리: 16GB/ 1Gbps 유선/ HDMI/ DP포트/ 파워서플라이/ 미들타워/ 어항형/ LED쿨러/ 용도: 게임용 / 브랜드PC/조립PC > 데스크탑 전체 / 32GB, M.2 1TB",https://prod.danawa.com/info/?pcode=53392313&keyword=%EB%8D%B0%EC%8A%A4%ED%81%AC%ED%83%91&cate=112756
영웅컴퓨터 영웅 RL3461F i5-13400F RTX5060Ti,1639850,4.8,3461162512,"i5-13400F/RTX 5060 Ti/ (인텔) H610/ OS미포함/ 600W/ 인텔/코어 13세대/코어i5/ 랩터레이크/ DDR5/ 16GB/ M.2/ 512GB/NVIDIA/ 그래픽 메모리: 8GB/ 1Gbps 유선/ HDMI/ DP포트/ 파워서플라이/ 미들타워/ 용도: 게임용 / 영웅컴퓨터 영웅 RL3461F (16GB, M.2 512GB) 개봉 간단사용기 / 브랜드PC/조립PC > 데스크탑 전체 / 16GB, M.2 512GB / 16GB, M.2 1TB / 32GB, M.2 1TB",https://prod.danawa.com/info/?pcode=18711575&keyword=%EB%8D%B0%EC%8A%A4%ED%81%AC%ED%83%91&cate=112756
마이피씨샵 DIY 게이밍 마스터 7500F RTX5060,1578090,4.7,4723,"7500F/RTX 5060/ (AMD) A620/ OS미포함/ 600W/ AMD/라이젠 7000시리즈/라이젠5/ 라파엘/ DDR5/ 16GB/ M.2/ 500GB/NVIDIA/ 그래픽 메모리: 8GB/ 1Gbps 유선/ HDMI/ DP포트/ 파워서플라이/ 미들타워/ 어항형/ LED쿨러/ 용도: 게임용 / 브랜드PC/조립PC > 데스크탑 전체 / 16GB, M.2 500GB / 16GB, M.2 1TB / 32GB, M.2 500GB / 32GB, M.2 1TB",https://prod.danawa.com/info/?pcode=62160278&keyword=%EB%8D%B0%EC%8A%A4%ED%81%AC%ED%83%91&cate=112756
주연테크 굿워크 D2v56G Win11,699000,,,"5600G/그래픽스 7/ (AMD) B450/ 윈도우11/ 600W/ AMD/라이젠 5000시리즈/라이젠5/ 세잔/ DDR4/ 8GB/ M.2/ 256GB/AMD/ 1Gbps 유선/ 파워서플라이/ 미들타워/ 용도: 사무/인강용 / 브랜드PC/조립PC > 데스크탑 전체 / 8GB, M.2 256GB / 16GB, M.2 256GB / 16GB, M.2 512GB",https://prod.danawa.com/info/?pcode=58030448&keyword=%EB%8D%B0%EC%8A%A4%ED%81%AC%ED%83%91&cate=112756
주연테크 긱스타 GAMING 75F56T,1798710,5.0,506,"7500F/RTX 5060 Ti/ (AMD) B650/ OS미포함/ 700W/ AMD/라이젠 7000시리즈/라이젠5/ 라파엘/ DDR5/ 32GB/ M.2/ 1TB/NVIDIA/ 그래픽 메모리: 8GB/ 1Gbps 유선/ HDMI/ DP포트/ 파워서플라이/ 미들타워/ 어항형/ LED쿨러/ 용도: 게임용 / 브랜드PC/조립PC > 데스크탑 전체 / 32GB, M.2 1TB",https://prod.danawa.com/info/?pcode=86100794&keyword=%EB%8D%B0%EC%8A%A4%ED%81%AC%ED%83%91&cate=112756
다나와표준PC 게임용 250719,2332000,,,"9600X/RTX 5070/(AMD) B850/ OS미포함/ 850W/ AMD/라이젠 9000시리즈/라이젠5/그래니트 릿지/ DDR5/ 16GB/ M.2/ 1TB/NVIDIA/ 그래픽 메모리: 12GB/ 1Gbps 유선/ 파워서플라이/ 미들타워/ 어항형/ LED쿨러/ 용도: 게임용 / 브랜드PC/조립PC > 데스크탑 전체 > 다나와표준PC / 16GB, M.2 1TB",https://prod.danawa.com/info/?pcode=93386711&keyword=%EB%8D%B0%EC%8A%A4%ED%81%AC%ED%83%91&cate=11316681
타무즈 TP34 Win11Pro,741500,,,"i5-1340P/Iris Xe 그래픽스/ 윈도우11 프로/ 인텔/코어 13세대/코어i5/ 랩터레이크/ DDR5/ 8GB/ M.2/ 256GB/ 2.5Gbps 유선/ 802.11ax(Wi-Fi 6) 무선/ 블루투스/ 듀얼랜/ HDMI/ DP포트/ USB3.x 5Gbps/ USB C타입 10Gbps/ 베사홀/ DC/ 미니PC/ 460g/ 용도: 사무/인강용 / 브랜드PC/조립PC > 데스크탑 전체 / 8GB, M.2 256GB / 16GB, M.2 256GB / 16GB, M.2 512GB / 16GB, M.2 1TB / 16GB, M.2 2TB / 32GB, M.2 512GB",https://prod.danawa.com/info/?pcode=71423900&keyword=%EB%8D%B0%EC%8A%A4%ED%81%AC%ED%83%91&cate=112756
DELL 옵티플렉스 7020SFF i3 Win11Home,830000,,,"i3-14100/ UHD 그래픽스 730/ 윈도우11/ 180W/ 인텔/코어 14세대/코어i3/ 랩터레이크-R/ DDR5/ 8GB/ M.2/ 256GB/INTEL/ 1Gbps 유선/ 802.11ax(Wi-Fi 6) 무선/ 블루투스/ HDMI/ DP포트/ USB3.x 5Gbps/ USB C타입 5Gbps/ 파워서플라이/ 슬림/ 용도: 사무/인강용 / 브랜드PC/조립PC > 데스크탑 전체 / 8GB, M.2 256GB / 8GB, M.2 512GB / 8GB, M.2 1TB / 8GB, M.2 2TB / 16GB, M.2 256GB",https://prod.danawa.com/info/?pcode=86098976&keyword=%EB%8D%B0%EC%8A%A4%ED%81%AC%ED%83%91&cate=112756
HP 옴니데스크 M03-0029kr RTX3050 Win11Home,1499000,,,"225/ RTX 3050/ 윈도우11/ 500W/ 인텔/코어울트라 시리즈2/코어 울트라5/애로우레이크/인텔 AI Boost/13TOPS/ DDR5/ 16GB/ M.2/ 256GB/NVIDIA/ 5.1채널/ 1Gbps 유선/802.11ax(Wi-Fi 6E) 무선/ 블루투스/ HDMI/ DP포트/ USB3.x 10Gbps/ USB3.x 5Gbps/ USB C타입 10Gbps/ USB C타입 5Gbps/ 파워서플라이/ 미니타워/ 5.34kg/ 용도: 게임용/ 구성변경상품 / 브랜드PC/조립PC > 데스크탑 전체 / 16GB, M.2 256GB / 16GB, M.2 512GB / 16GB, M.2 1TB / 16GB, M.2 2TB / 32GB, M.2 512GB",https://prod.danawa.com/info/?pcode=98242853&keyword=%EB%8D%B0%EC%8A%A4%ED%81%AC%ED%83%91&cate=112756
HP 27-cr0015KR,1199000,,,"i5-1334U/Iris Xe 그래픽스/ 윈도우11/ 인텔/코어 13세대/코어i5/ 랩터레이크/ DDR4/ 8GB/ M.2/ 512GB/ 화면크기: 68.6cm(27인치)/ 1920x1080/ 눈부심방지/ 터치 스크린/ 광시야각/ 엘리베이션(높낮이)/ 틸트(상하)/ 스피커 내장형/ 1Gbps 유선/ 802.11ax(Wi-Fi 6) 무선/ 블루투스/ HDMI/ USB3.x 5Gbps/ USB C타입 5Gbps/ 웹캠/ 마이크 내장/ DC/ 일체형/ 6.72kg/ 용도: 사무/인강용 / 브랜드PC/조립PC > 데스크탑 전체 / 8GB, M.2 512GB / 8GB, M.2 1TB / 8GB, M.2 2TB / 16GB, M.2 512GB / 16GB, M.2 1TB",https://prod.danawa.com/info/?pcode=90575702&keyword=%EB%8D%B0%EC%8A%A4%ED%81%AC%ED%83%91&cate=112756
삼성전자 데스크탑 Tower DM500TGZ-AD5A Win11Pro,1341000,5.0,506,"i5-14400/ UHD 730/ 윈도우11 프로/ 500W/ 인텔/코어 14세대/코어i5/ 랩터레이크-R/ DDR5/ 8GB/ M.2/ 256GB/INTEL/ 1Gbps 유선/ 802.11ax(Wi-Fi 6) 무선/ 블루투스/ HDMI/ D-SUB/ USB3.x 10Gbps/ USB C타입 5Gbps/ 파워서플라이/ 미들타워/ 용도: 사무/인강용/ 구성변경상품 / 브랜드PC/조립PC > 데스크탑 전체 / 8GB, M.2 256GB / 8GB, M.2 500GB / 8GB, M.2 512GB / 8GB, M.2 1TB / 8GB, M.2 2TB / 16GB, M.2 256GB + HDD 1TB",https://prod.danawa.com/info/?pcode=58103162&keyword=%EB%8D%B0%EC%8A%A4%ED%81%AC%ED%83%91&cate=112756
LG전자 B90MV-AR45S16,1564990,,,"i5-14400/ UHD 그래픽스 730/ (인텔) B760/ 윈도우11/ 500W/ 인텔/코어 14세대/코어i5/ 랩터레이크-R/ DDR5/ 16GB/ M.2/ 256GB/INTEL/ 5.1채널/ 1Gbps 유선/ 802.11ax(Wi-Fi 6) 무선/ 블루투스/ HDMI/ D-SUB/ USB3.x 5Gbps/ USB C타입 5Gbps/ 파워서플라이/ 미들타워/ 용도: 사무/인강용/ 구성변경상품 / 브랜드PC/조립PC > 데스크탑 전체 / 16GB, M.2 256GB / 16GB, M.2 512GB / 16GB, M.2 1TB / 16GB, M.2 2TB / 16GB, M.2 512GB + HDD 2TB",https://prod.danawa.com/info/?pcode=94446287&keyword=%EB%8D%B0%EC%8A%A4%ED%81%AC%ED%83%91&cate=112756
피씨스토어 베스트 게이밍 7500F RTX5060 700W,1575180,5.0,506,"7500F/RTX 5060/ (AMD) A620/ OS미포함/ 700W/ AMD/라이젠 7000시리즈/라이젠5/ 라파엘/ DDR5/ 16GB/ M.2/ 500GB/NVIDIA/ 그래픽 메모리: 8GB/ 1Gbps 유선/ HDMI/ DP포트/ 파워서플라이/ 미들타워/ LED쿨러/ 용도: 게임용 / 브랜드PC/조립PC > 데스크탑 전체 / 16GB, M.2 500GB / 16GB, M.2 1TB / 32GB, M.2 500GB / 32GB, M.2 1TB",https://prod.danawa.com/info/?pcode=29402825&keyword=%EB%8D%B0%EC%8A%A4%ED%81%AC%ED%83%91&cate=112756
삼성전자 데스크탑 Tower DM500TGZ-AD7A Win11Pro,1398000,5.0,504,"i7-14700/ UHD 그래픽스 770/ 윈도우11 프로/ 500W/ 인텔/코어 14세대/코어i7/ 랩터레이크-R/ DDR5/ 8GB/ M.2/ 256GB/INTEL/ 1Gbps 유선/ 802.11ax(Wi-Fi 6) 무선/ 블루투스/ HDMI/ D-SUB/ USB3.x 10Gbps/ USB C타입 5Gbps/ 파워서플라이/ 미들타워/ 용도: 사무/인강용/ 구성변경상품 / 브랜드PC/조립PC > 데스크탑 전체 / 8GB, M.2 256GB / 8GB, M.2 500GB / 8GB, M.2 512GB / 8GB, M.2 1TB / 8GB, M.2 2TB / 16GB, M.2 256GB",https://prod.danawa.com/info/?pcode=60308063&keyword=%EB%8D%B0%EC%8A%A4%ED%81%AC%ED%83%91&cate=112756
피씨스토어 화이트 어항 PC 7500F RTX5060 360,2194840,5.0,27075004060280,"7500F/RTX 5060/ (AMD) B650/ OS미포함/ 750W/ AMD/라이젠 7000시리즈/라이젠5/ 라파엘/ DDR5/ 32GB/ M.2/ 500GB/NVIDIA/ 그래픽 메모리: 8GB/ 1Gbps 유선/ HDMI/ DP포트/ 파워서플라이/ 미들타워/ 어항형/ LED쿨러/ 용도: 게임용 / 브랜드PC/조립PC > 데스크탑 전체 / 32GB, M.2 500GB / 32GB, M.2 1TB",https://prod.danawa.com/info/?pcode=29826020&keyword=%EB%8D%B0%EC%8A%A4%ED%81%AC%ED%83%91&cate=112756
Beelink GTR9 Pro 395 해외구매,2775900,1.0,101,"해외구매/395/8060S/ 230W/ AMD/라이젠 300시리즈/라이젠AI Max+/스트릭스 헤일로/AMD 라이젠 AI/50TOPS/LPDDR5X/ 128GB/AMD/ 스피커 내장형/ 10Gbps 유선/802.11be(Wi-Fi 7) 무선/ 블루투스/ 듀얼랜/ HDMI/ DP포트/ USB3.x 10Gbps/ USB C타입 40Gbps/ USB C타입 10Gbps/ 마이크 내장/ 파워서플라이/ 미니PC / 128GB, SSD 2TB",https://prod.danawa.com/info/?pcode=99714509&keyword=%EB%8D%B0%EC%8A%A4%ED%81%AC%ED%83%91
ASUS MiniPC PB63-B-BN0138MH i5-14400 150W M.2 대원씨티에스,985000,,,"i5-14400/ UHD 730/ (인텔) B760/ OS미포함/ 인텔/코어 14세대/코어i5/ 랩터레이크-R/ DDR5/ 8GB/ M.2/ 128GB/INTEL/ 2.5Gbps 유선/802.11ax(Wi-Fi 6E) 무선/ 블루투스/ HDMI/ DP포트/ USB3.x 10Gbps/ USB3.x 5Gbps/ USB C타입 20Gbps/ DC/ 미니PC/ 1.18kg/ 용도: 사무/인강용 / 브랜드PC/조립PC > 브랜드PC / 8GB, M.2 128GB / 8GB, M.2 256GB / 8GB, M.2 512GB / 8GB, M.2 1TB / 8GB, M.2 2TB / 32GB, M.2 1TB / 32GB, M.2 2TB",https://prod.danawa.com/info/?pcode=99896384&keyword=%EB%8D%B0%EC%8A%A4%ED%81%AC%ED%83%91&cate=11236094
다나와표준PC 게임용 251214,1798930,,,"9600X/RTX 5060/(AMD) B850/ OS미포함/ 1000W/ AMD/라이젠 9000시리즈/라이젠5/그래니트 릿지/ DDR5/ 16GB/ M.2/ 1TB/NVIDIA/ 그래픽 메모리: 8GB/ 1Gbps 유선/ HDMI/ DP포트/ 파워서플라이/ 미들타워/ 어항형/ LED쿨러/ 용도: 게임용 / 브랜드PC/조립PC > 데스크탑 전체 > 다나와표준PC / 16GB, M.2 1TB",https://prod.danawa.com/info/?pcode=101544020&keyword=%EB%8D%B0%EC%8A%A4%ED%81%AC%ED%83%91&cate=11316681
※ 삼성전자 DDR4 16G PC4-17000 2133 데스크탑 양면중고 ※,132000,,,,http://dmall.danawa.com/sale/saleView.php?nSaleSeq=52474597&nCateC1=861&nCateC2=874&nCateC3=0&nCateC4=0
※ 삼성전자 DDR4-3200 25600 (16GB) 데스크탑 단면 중고 ※,176000,,,※ 삼성전자 DDR4-3200 25600 (16GB) 데스크탑 단면 중고 ※,http://dmall.danawa.com/sale/saleView.php?nSaleSeq=52474596&nCateC1=861&nCateC2=874&nCateC3=0&nCateC4=0
※ PATRIOT DDR4-2133 17000 CL15 (16GB) 데스크탑 중고 ※,110000,,,※ PATRIOT DDR4-2133 17000 CL15 (16GB) 데스크탑 중고 ※,http://dmall.danawa.com/sale/saleView.php?nSaleSeq=52474584&nCateC1=861&nCateC2=874&nCateC3=0&nCateC4=0
"영웅컴퓨터 영웅 게이밍울트라 7546GT R5 7500F RTX5060Ti (32GB, M.2 1TB)",1999790,,,"영웅컴퓨터 영웅 게이밍울트라 7546GT R5 7500F RTX5060Ti (32GB, M.2 1TB)",https://prod.danawa.com/info/?pcode=49362812&cate1=860&cate2=867&cate3=44391&cate4=0&keyword=%EB%8D%B0%EC%8A%A4%ED%81%AC%ED%83%91
"포유컴퓨터 퍼포먼스PC 47 R5 7400F RTX5060Ti (32GB, M.2 1TB)",2056560,,,"포유컴퓨터 퍼포먼스PC 47 R5 7400F RTX5060Ti (32GB, M.2 1TB)",https://prod.danawa.com/info/?pcode=26573171&cate1=860&cate2=867&cate3=44391&cate4=0&keyword=%EB%8D%B0%EC%8A%A4%ED%81%AC%ED%83%91
"MSI MAG Codex Z2 A7NVV R7-9800X3D RTX 5080 게이밍 (32GB, M.2 1TB)",4178990,,,"MSI MAG Codex Z2 A7NVV R7-9800X3D RTX 5080 게이밍 (32GB, M.2 1TB)",https://prod.danawa.com/info/?pcode=101013083&cate1=860&cate2=867&cate3=44391&cate4=0&keyword=%EB%8D%B0%EC%8A%A4%ED%81%AC%ED%83%91
"영웅컴퓨터 영웅 게이밍울트라 7856 R7 7800X3D RTX5060 (32GB, M.2 1TB)",2149830,,,"영웅컴퓨터 영웅 게이밍울트라 7856 R7 7800X3D RTX5060 (32GB, M.2 1TB)",https://prod.danawa.com/info/?pcode=95420654&cate1=860&cate2=867&cate3=44391&cate4=0&keyword=%EB%8D%B0%EC%8A%A4%ED%81%AC%ED%83%91
"포유컴퓨터 퍼포먼스PC 47 R5 7400F RTX5060Ti (16GB, M.2 500GB)",1651750,,,"포유컴퓨터 퍼포먼스PC 47 R5 7400F RTX5060Ti (16GB, M.2 500GB)",https://prod.danawa.com/info/?pcode=26558177&cate1=860&cate2=867&cate3=44391&cate4=0&keyword=%EB%8D%B0%EC%8A%A4%ED%81%AC%ED%83%91
"영웅컴퓨터 영웅 게이밍울트라 7857 R7 7800X3D RTX5070 (32GB, M.2 1TB)",2619750,,,"영웅컴퓨터 영웅 게이밍울트라 7857 R7 7800X3D RTX5070 (32GB, M.2 1TB)",https://prod.danawa.com/info/?pcode=80164475&cate1=860&cate2=867&cate3=44391&cate4=0&keyword=%EB%8D%B0%EC%8A%A4%ED%81%AC%ED%83%91
